text,intent
I want to open a restaurant in Mumbai,OPEN_FOOD_BUSINESS
How can I start a bakery in Pune?,OPEN_FOOD_BUSINESS
Nagpur me food stall start karna hai,OPEN_FOOD_BUSINESS
I want to open a cafe in Thane,OPEN_FOOD_BUSINESS
Pune mein cloud kitchen start karni hai,OPEN_FOOD_BUSINESS
How do I start a juice shop in Nashik?,OPEN_FOOD_BUSINESS
Mumbai me bakery kholni hai,OPEN_FOOD_BUSINESS
I want to open a small food outlet in Navi Mumbai,OPEN_FOOD_BUSINESS
What permissions do I need to start a cafe in Maharashtra?,OPEN_FOOD_BUSINESS
Kolhapur me restaurant start karna hai,OPEN_FOOD_BUSINESS
I want to start a snack centre in Solapur,OPEN_FOOD_BUSINESS
How can I open a food shop in Amravati?,OPEN_FOOD_BUSINESS
Thane me small cafe open karna hai,OPEN_FOOD_BUSINESS
I want to start a cloud kitchen in Mumbai,OPEN_FOOD_BUSINESS
How do I open a bakery business in Nagpur?,OPEN_FOOD_BUSINESS
Nashik me juice centre start karna hai,OPEN_FOOD_BUSINESS
I want to start a restaurant business in Pune,OPEN_FOOD_BUSINESS
What do I need to open a food stall in Mumbai?,OPEN_FOOD_BUSINESS
I want to start a small eatery in Navi Mumbai,OPEN_FOOD_BUSINESS
Maharashtra me food business start karna hai,OPEN_FOOD_BUSINESS
I want to start a restaurant in Mumbai,OPEN_FOOD_BUSINESS
I am planning to open a restaurant in Pune,OPEN_FOOD_BUSINESS
What approvals do I need for a restaurant in Thane?,OPEN_FOOD_BUSINESS
Navi Mumbai mein restaurant ke liye kya process hai?,OPEN_FOOD_BUSINESS
What is the procedure to open a restaurant in Nagpur?,OPEN_FOOD_BUSINESS
How can I open a restaurant in Nashik?,OPEN_FOOD_BUSINESS
What do I need to start a restaurant in Kolhapur?,OPEN_FOOD_BUSINESS
Solapur me naya restaurant shuru karna hai,OPEN_FOOD_BUSINESS
What documents are needed to open a restaurant in Amravati?,OPEN_FOOD_BUSINESS
restaurant business Kalyan me kaise start karu?,OPEN_FOOD_BUSINESS
What permissions are needed to start a restaurant in Dombivli?,OPEN_FOOD_BUSINESS
Need guidance for opening a restaurant in Chhatrapati Sambhajinagar,OPEN_FOOD_BUSINESS
Mumbai me bakery start karna hai,OPEN_FOOD_BUSINESS
Can I start a bakery in Pune?,OPEN_FOOD_BUSINESS
How do I legally start a bakery in Thane?,OPEN_FOOD_BUSINESS
Maharashtra ke Navi Mumbai mein bakery start karna hai,OPEN_FOOD_BUSINESS
Nagpur mein apna bakery shuru karna hai,OPEN_FOOD_BUSINESS
Nashik mein bakery kholna hai,OPEN_FOOD_BUSINESS
I need the process for opening a bakery in Kolhapur,OPEN_FOOD_BUSINESS
I need help starting a bakery in Solapur,OPEN_FOOD_BUSINESS
Please tell me how to start a bakery in Amravati,OPEN_FOOD_BUSINESS
I want to start a bakery in Kalyan,OPEN_FOOD_BUSINESS
I am planning to open a bakery in Dombivli,OPEN_FOOD_BUSINESS
What approvals do I need for a bakery in Chhatrapati Sambhajinagar?,OPEN_FOOD_BUSINESS
What do I need to start a cafe in Mumbai?,OPEN_FOOD_BUSINESS
Pune me naya cafe shuru karna hai,OPEN_FOOD_BUSINESS
What documents are needed to open a cafe in Thane?,OPEN_FOOD_BUSINESS
cafe business Navi Mumbai me kaise start karu?,OPEN_FOOD_BUSINESS
What permissions are needed to start a cafe in Nagpur?,OPEN_FOOD_BUSINESS
Need guidance for opening a cafe in Nashik,OPEN_FOOD_BUSINESS
Mujhe Kolhapur mein cafe open karna hai,OPEN_FOOD_BUSINESS
I want to set up a cafe in Solapur,OPEN_FOOD_BUSINESS
I am thinking of opening a cafe in Amravati,OPEN_FOOD_BUSINESS
Kalyan me cafe start karna hai,OPEN_FOOD_BUSINESS
Can I start a cafe in Dombivli?,OPEN_FOOD_BUSINESS
How do I legally start a cafe in Chhatrapati Sambhajinagar?,OPEN_FOOD_BUSINESS
I need the process for opening a cloud kitchen in Mumbai,OPEN_FOOD_BUSINESS
I need help starting a cloud kitchen in Pune,OPEN_FOOD_BUSINESS
Please tell me how to start a cloud kitchen in Thane,OPEN_FOOD_BUSINESS
I want to start a cloud kitchen in Navi Mumbai,OPEN_FOOD_BUSINESS
I am planning to open a cloud kitchen in Nagpur,OPEN_FOOD_BUSINESS
What approvals do I need for a cloud kitchen in Nashik?,OPEN_FOOD_BUSINESS
Kolhapur mein cloud kitchen ke liye kya process hai?,OPEN_FOOD_BUSINESS
What is the procedure to open a cloud kitchen in Solapur?,OPEN_FOOD_BUSINESS
How can I open a cloud kitchen in Amravati?,OPEN_FOOD_BUSINESS
What do I need to start a cloud kitchen in Kalyan?,OPEN_FOOD_BUSINESS
Dombivli me naya cloud kitchen shuru karna hai,OPEN_FOOD_BUSINESS
What documents are needed to open a cloud kitchen in Chhatrapati Sambhajinagar?,OPEN_FOOD_BUSINESS
Mujhe Mumbai mein food stall open karna hai,OPEN_FOOD_BUSINESS
I want to set up a food stall in Pune,OPEN_FOOD_BUSINESS
I am thinking of opening a food stall in Thane,OPEN_FOOD_BUSINESS
Navi Mumbai me food stall start karna hai,OPEN_FOOD_BUSINESS
Can I start a food stall in Nagpur?,OPEN_FOOD_BUSINESS
How do I legally start a food stall in Nashik?,OPEN_FOOD_BUSINESS
Maharashtra ke Kolhapur mein food stall start karna hai,OPEN_FOOD_BUSINESS
Solapur mein apna food stall shuru karna hai,OPEN_FOOD_BUSINESS
Amravati mein food stall kholna hai,OPEN_FOOD_BUSINESS
I need the process for opening a food stall in Kalyan,OPEN_FOOD_BUSINESS
I need help starting a food stall in Dombivli,OPEN_FOOD_BUSINESS
Please tell me how to start a food stall in Chhatrapati Sambhajinagar,OPEN_FOOD_BUSINESS
Mumbai mein juice centre ke liye kya process hai?,OPEN_FOOD_BUSINESS
What is the procedure to open a juice centre in Pune?,OPEN_FOOD_BUSINESS
How can I open a juice centre in Thane?,OPEN_FOOD_BUSINESS
What do I need to start a juice centre in Navi Mumbai?,OPEN_FOOD_BUSINESS
Nagpur me naya juice centre shuru karna hai,OPEN_FOOD_BUSINESS
What documents are needed to open a juice centre in Nashik?,OPEN_FOOD_BUSINESS
juice centre business Kolhapur me kaise start karu?,OPEN_FOOD_BUSINESS
What permissions are needed to start a juice centre in Solapur?,OPEN_FOOD_BUSINESS
Need guidance for opening a juice centre in Amravati,OPEN_FOOD_BUSINESS
Mujhe Kalyan mein juice centre open karna hai,OPEN_FOOD_BUSINESS
I want to set up a juice centre in Dombivli,OPEN_FOOD_BUSINESS
I am thinking of opening a juice centre in Chhatrapati Sambhajinagar,OPEN_FOOD_BUSINESS
Maharashtra ke Mumbai mein snack centre start karna hai,OPEN_FOOD_BUSINESS
Pune mein apna snack centre shuru karna hai,OPEN_FOOD_BUSINESS
Thane mein snack centre kholna hai,OPEN_FOOD_BUSINESS
I need the process for opening a snack centre in Navi Mumbai,OPEN_FOOD_BUSINESS
I need help starting a snack centre in Nagpur,OPEN_FOOD_BUSINESS
Please tell me how to start a snack centre in Nashik,OPEN_FOOD_BUSINESS
I want to start a snack centre in Kolhapur,OPEN_FOOD_BUSINESS
I am planning to open a snack centre in Solapur,OPEN_FOOD_BUSINESS
What approvals do I need for a snack centre in Amravati?,OPEN_FOOD_BUSINESS
Kalyan mein snack centre ke liye kya process hai?,OPEN_FOOD_BUSINESS
What is the procedure to open a snack centre in Dombivli?,OPEN_FOOD_BUSINESS
How can I open a snack centre in Chhatrapati Sambhajinagar?,OPEN_FOOD_BUSINESS
small eatery business Mumbai me kaise start karu?,OPEN_FOOD_BUSINESS
What permissions are needed to start a small eatery in Pune?,OPEN_FOOD_BUSINESS
Need guidance for opening a small eatery in Thane,OPEN_FOOD_BUSINESS
Mujhe Navi Mumbai mein small eatery open karna hai,OPEN_FOOD_BUSINESS
I want to set up a small eatery in Nagpur,OPEN_FOOD_BUSINESS
I am thinking of opening a small eatery in Nashik,OPEN_FOOD_BUSINESS
Kolhapur me small eatery start karna hai,OPEN_FOOD_BUSINESS
Can I start a small eatery in Solapur?,OPEN_FOOD_BUSINESS
How do I legally start a small eatery in Amravati?,OPEN_FOOD_BUSINESS
Maharashtra ke Kalyan mein small eatery start karna hai,OPEN_FOOD_BUSINESS
Dombivli mein apna small eatery shuru karna hai,OPEN_FOOD_BUSINESS
Chhatrapati Sambhajinagar mein small eatery kholna hai,OPEN_FOOD_BUSINESS
I want to start a food outlet in Mumbai,OPEN_FOOD_BUSINESS
I am planning to open a food outlet in Pune,OPEN_FOOD_BUSINESS
What approvals do I need for a food outlet in Thane?,OPEN_FOOD_BUSINESS
Navi Mumbai mein food outlet ke liye kya process hai?,OPEN_FOOD_BUSINESS
What is the procedure to open a food outlet in Nagpur?,OPEN_FOOD_BUSINESS
How can I open a food outlet in Nashik?,OPEN_FOOD_BUSINESS
What do I need to start a food outlet in Kolhapur?,OPEN_FOOD_BUSINESS
Solapur me naya food outlet shuru karna hai,OPEN_FOOD_BUSINESS
What documents are needed to open a food outlet in Amravati?,OPEN_FOOD_BUSINESS
food outlet business Kalyan me kaise start karu?,OPEN_FOOD_BUSINESS
What permissions are needed to start a food outlet in Dombivli?,OPEN_FOOD_BUSINESS
Need guidance for opening a food outlet in Chhatrapati Sambhajinagar,OPEN_FOOD_BUSINESS
Mumbai me tiffin service start karna hai,OPEN_FOOD_BUSINESS
Can I start a tiffin service in Pune?,OPEN_FOOD_BUSINESS
How do I legally start a tiffin service in Thane?,OPEN_FOOD_BUSINESS
Maharashtra ke Navi Mumbai mein tiffin service start karna hai,OPEN_FOOD_BUSINESS
Nagpur mein apna tiffin service shuru karna hai,OPEN_FOOD_BUSINESS
Nashik mein tiffin service kholna hai,OPEN_FOOD_BUSINESS
I need the process for opening a tiffin service in Kolhapur,OPEN_FOOD_BUSINESS
I need help starting a tiffin service in Solapur,OPEN_FOOD_BUSINESS
Please tell me how to start a tiffin service in Amravati,OPEN_FOOD_BUSINESS
I want to start a tiffin service in Kalyan,OPEN_FOOD_BUSINESS
I am planning to open a tiffin service in Dombivli,OPEN_FOOD_BUSINESS
What approvals do I need for a tiffin service in Chhatrapati Sambhajinagar?,OPEN_FOOD_BUSINESS
What do I need to start a catering business in Mumbai?,OPEN_FOOD_BUSINESS
Pune me naya catering business shuru karna hai,OPEN_FOOD_BUSINESS
What documents are needed to open a catering business in Thane?,OPEN_FOOD_BUSINESS
catering business business Navi Mumbai me kaise start karu?,OPEN_FOOD_BUSINESS
What permissions are needed to start a catering business in Nagpur?,OPEN_FOOD_BUSINESS
Need guidance for opening a catering business in Nashik,OPEN_FOOD_BUSINESS
Mujhe Kolhapur mein catering business open karna hai,OPEN_FOOD_BUSINESS
I want to set up a catering business in Solapur,OPEN_FOOD_BUSINESS
I am thinking of opening a catering business in Amravati,OPEN_FOOD_BUSINESS
Kalyan me catering business start karna hai,OPEN_FOOD_BUSINESS
Can I start a catering business in Dombivli?,OPEN_FOOD_BUSINESS
How do I legally start a catering business in Chhatrapati Sambhajinagar?,OPEN_FOOD_BUSINESS
I need the process for opening a sweet shop in Mumbai,OPEN_FOOD_BUSINESS
I need help starting a sweet shop in Pune,OPEN_FOOD_BUSINESS
Please tell me how to start a sweet shop in Thane,OPEN_FOOD_BUSINESS
I want to start a sweet shop in Navi Mumbai,OPEN_FOOD_BUSINESS
I am planning to open a sweet shop in Nagpur,OPEN_FOOD_BUSINESS
What approvals do I need for a sweet shop in Nashik?,OPEN_FOOD_BUSINESS
Kolhapur mein sweet shop ke liye kya process hai?,OPEN_FOOD_BUSINESS
What is the procedure to open a sweet shop in Solapur?,OPEN_FOOD_BUSINESS
How can I open a sweet shop in Amravati?,OPEN_FOOD_BUSINESS
What do I need to start a sweet shop in Kalyan?,OPEN_FOOD_BUSINESS
Dombivli me naya sweet shop shuru karna hai,OPEN_FOOD_BUSINESS
What documents are needed to open a sweet shop in Chhatrapati Sambhajinagar?,OPEN_FOOD_BUSINESS
Mujhe Mumbai mein fast food shop open karna hai,OPEN_FOOD_BUSINESS
I want to set up a fast food shop in Pune,OPEN_FOOD_BUSINESS
I am thinking of opening a fast food shop in Thane,OPEN_FOOD_BUSINESS
Navi Mumbai me fast food shop start karna hai,OPEN_FOOD_BUSINESS
Can I start a fast food shop in Nagpur?,OPEN_FOOD_BUSINESS
How do I legally start a fast food shop in Nashik?,OPEN_FOOD_BUSINESS
Maharashtra ke Kolhapur mein fast food shop start karna hai,OPEN_FOOD_BUSINESS
Solapur mein apna fast food shop shuru karna hai,OPEN_FOOD_BUSINESS
Amravati mein fast food shop kholna hai,OPEN_FOOD_BUSINESS
I need the process for opening a fast food shop in Kalyan,OPEN_FOOD_BUSINESS
I need help starting a fast food shop in Dombivli,OPEN_FOOD_BUSINESS
Please tell me how to start a fast food shop in Chhatrapati Sambhajinagar,OPEN_FOOD_BUSINESS
Mumbai mein tea cafe ke liye kya process hai?,OPEN_FOOD_BUSINESS
What is the procedure to open a tea cafe in Pune?,OPEN_FOOD_BUSINESS
How can I open a tea cafe in Thane?,OPEN_FOOD_BUSINESS
What do I need to start a tea cafe in Navi Mumbai?,OPEN_FOOD_BUSINESS
Nagpur me naya tea cafe shuru karna hai,OPEN_FOOD_BUSINESS
What documents are needed to open a tea cafe in Nashik?,OPEN_FOOD_BUSINESS
tea cafe business Kolhapur me kaise start karu?,OPEN_FOOD_BUSINESS
What permissions are needed to start a tea cafe in Solapur?,OPEN_FOOD_BUSINESS
Need guidance for opening a tea cafe in Amravati,OPEN_FOOD_BUSINESS
Mujhe Kalyan mein tea cafe open karna hai,OPEN_FOOD_BUSINESS
I want to set up a tea cafe in Dombivli,OPEN_FOOD_BUSINESS
I am thinking of opening a tea cafe in Chhatrapati Sambhajinagar,OPEN_FOOD_BUSINESS
Maharashtra ke Mumbai mein home kitchen start karna hai,OPEN_FOOD_BUSINESS
Pune mein apna home kitchen shuru karna hai,OPEN_FOOD_BUSINESS
Thane mein home kitchen kholna hai,OPEN_FOOD_BUSINESS
I need the process for opening a home kitchen in Navi Mumbai,OPEN_FOOD_BUSINESS
I need help starting a home kitchen in Nagpur,OPEN_FOOD_BUSINESS
Please tell me how to start a home kitchen in Nashik,OPEN_FOOD_BUSINESS
I want to start a home kitchen in Kolhapur,OPEN_FOOD_BUSINESS
I am planning to open a home kitchen in Solapur,OPEN_FOOD_BUSINESS
What approvals do I need for a home kitchen in Amravati?,OPEN_FOOD_BUSINESS
Kalyan mein home kitchen ke liye kya process hai?,OPEN_FOOD_BUSINESS
What is the procedure to open a home kitchen in Dombivli?,OPEN_FOOD_BUSINESS
How can I open a home kitchen in Chhatrapati Sambhajinagar?,OPEN_FOOD_BUSINESS
I need a birth certificate in Mumbai,BIRTH_CERTIFICATE
How can I apply for my child's birth certificate in Pune?,BIRTH_CERTIFICATE
Baby ka birth certificate banana hai,BIRTH_CERTIFICATE
How do I get a birth certificate in Maharashtra?,BIRTH_CERTIFICATE
My child was born in Thane and I need the certificate,BIRTH_CERTIFICATE
Birth certificate ke liye kya karna hai?,BIRTH_CERTIFICATE
I need a duplicate birth certificate in Nagpur,BIRTH_CERTIFICATE
How can I obtain my birth certificate from Nashik?,BIRTH_CERTIFICATE
Pune municipal birth certificate process,BIRTH_CERTIFICATE
My baby's birth has not been registered yet,BIRTH_CERTIFICATE
I want to apply for a birth certificate in Navi Mumbai,BIRTH_CERTIFICATE
Mumbai me newborn ka birth certificate chahiye,BIRTH_CERTIFICATE
How do I get a birth certificate copy in Kolhapur?,BIRTH_CERTIFICATE
I need to correct details on a birth certificate in Solapur,BIRTH_CERTIFICATE
My child was born in Amravati and I need the birth certificate,BIRTH_CERTIFICATE
Birth registration process in Thane,BIRTH_CERTIFICATE
How can I get an old birth certificate record in Mumbai?,BIRTH_CERTIFICATE
I need my own birth certificate for admission,BIRTH_CERTIFICATE
Nashik me birth certificate kaise banega?,BIRTH_CERTIFICATE
I need help with birth registration in Maharashtra,BIRTH_CERTIFICATE
I need help with newborn birth certificate in Mumbai,BIRTH_CERTIFICATE
I want to get a newborn birth certificate in Pune,BIRTH_CERTIFICATE
Thane mein newborn birth certificate ke liye kya karna hoga?,BIRTH_CERTIFICATE
What is the process for newborn birth certificate in Navi Mumbai?,BIRTH_CERTIFICATE
How to get newborn birth certificate from the municipal authority in Nagpur?,BIRTH_CERTIFICATE
Please explain newborn birth certificate process in Nashik,BIRTH_CERTIFICATE
How can I get newborn birth certificate issued in Kolhapur?,BIRTH_CERTIFICATE
How can I apply for newborn birth certificate in Solapur?,BIRTH_CERTIFICATE
What documents are needed for newborn birth certificate in Amravati?,BIRTH_CERTIFICATE
Need information about newborn birth certificate in Kalyan,BIRTH_CERTIFICATE
Mujhe Dombivli mein newborn birth certificate chahiye,BIRTH_CERTIFICATE
I need the procedure for newborn birth certificate in Chhatrapati Sambhajinagar,BIRTH_CERTIFICATE
What documents are needed for child birth certificate in Mumbai?,BIRTH_CERTIFICATE
Need information about child birth certificate in Pune,BIRTH_CERTIFICATE
Mujhe Thane mein child birth certificate chahiye,BIRTH_CERTIFICATE
I need the procedure for child birth certificate in Navi Mumbai,BIRTH_CERTIFICATE
child birth certificate ke liye Nagpur me kaha apply karu?,BIRTH_CERTIFICATE
What is required for child birth certificate in Maharashtra?,BIRTH_CERTIFICATE
Kolhapur me child birth certificate ka process kya hai?,BIRTH_CERTIFICATE
How do I obtain child birth certificate in Solapur?,BIRTH_CERTIFICATE
I want to apply for child birth certificate in Maharashtra,BIRTH_CERTIFICATE
Can you guide me for child birth certificate in Kalyan?,BIRTH_CERTIFICATE
Where can I apply for child birth certificate in Dombivli?,BIRTH_CERTIFICATE
I need a municipal child birth certificate in Chhatrapati Sambhajinagar,BIRTH_CERTIFICATE
I want to apply for birth registration in Maharashtra,BIRTH_CERTIFICATE
Can you guide me for birth registration in Pune?,BIRTH_CERTIFICATE
Where can I apply for birth registration in Thane?,BIRTH_CERTIFICATE
I need a municipal birth registration in Navi Mumbai,BIRTH_CERTIFICATE
I need help with birth registration in Nagpur,BIRTH_CERTIFICATE
I want to get a birth registration in Nashik,BIRTH_CERTIFICATE
Kolhapur mein birth registration ke liye kya karna hoga?,BIRTH_CERTIFICATE
What is the process for birth registration in Solapur?,BIRTH_CERTIFICATE
How to get birth registration from the municipal authority in Amravati?,BIRTH_CERTIFICATE
Please explain birth registration process in Kalyan,BIRTH_CERTIFICATE
How can I get birth registration issued in Dombivli?,BIRTH_CERTIFICATE
How can I apply for birth registration in Chhatrapati Sambhajinagar?,BIRTH_CERTIFICATE
How to get duplicate birth certificate from the municipal authority in Mumbai?,BIRTH_CERTIFICATE
Please explain duplicate birth certificate process in Pune,BIRTH_CERTIFICATE
How can I get duplicate birth certificate issued in Thane?,BIRTH_CERTIFICATE
How can I apply for duplicate birth certificate in Navi Mumbai?,BIRTH_CERTIFICATE
What documents are needed for duplicate birth certificate in Nagpur?,BIRTH_CERTIFICATE
Need information about duplicate birth certificate in Nashik,BIRTH_CERTIFICATE
Mujhe Kolhapur mein duplicate birth certificate chahiye,BIRTH_CERTIFICATE
I need the procedure for duplicate birth certificate in Solapur,BIRTH_CERTIFICATE
duplicate birth certificate ke liye Amravati me kaha apply karu?,BIRTH_CERTIFICATE
What is required for duplicate birth certificate in Maharashtra?,BIRTH_CERTIFICATE
Dombivli me duplicate birth certificate ka process kya hai?,BIRTH_CERTIFICATE
How do I obtain duplicate birth certificate in Chhatrapati Sambhajinagar?,BIRTH_CERTIFICATE
birth certificate correction ke liye Mumbai me kaha apply karu?,BIRTH_CERTIFICATE
What is required for birth certificate correction in Maharashtra?,BIRTH_CERTIFICATE
Thane me birth certificate correction ka process kya hai?,BIRTH_CERTIFICATE
How do I obtain birth certificate correction in Navi Mumbai?,BIRTH_CERTIFICATE
I want to apply for birth certificate correction in Maharashtra,BIRTH_CERTIFICATE
Can you guide me for birth certificate correction in Nashik?,BIRTH_CERTIFICATE
Where can I apply for birth certificate correction in Kolhapur?,BIRTH_CERTIFICATE
I need a municipal birth certificate correction in Solapur,BIRTH_CERTIFICATE
I need help with birth certificate correction in Amravati,BIRTH_CERTIFICATE
I want to get a birth certificate correction in Kalyan,BIRTH_CERTIFICATE
Dombivli mein birth certificate correction ke liye kya karna hoga?,BIRTH_CERTIFICATE
What is the process for birth certificate correction in Chhatrapati Sambhajinagar?,BIRTH_CERTIFICATE
I need help with old birth certificate copy in Mumbai,BIRTH_CERTIFICATE
I want to get a old birth certificate copy in Pune,BIRTH_CERTIFICATE
Thane mein old birth certificate copy ke liye kya karna hoga?,BIRTH_CERTIFICATE
What is the process for old birth certificate copy in Navi Mumbai?,BIRTH_CERTIFICATE
How to get old birth certificate copy from the municipal authority in Nagpur?,BIRTH_CERTIFICATE
Please explain old birth certificate copy process in Nashik,BIRTH_CERTIFICATE
How can I get old birth certificate copy issued in Kolhapur?,BIRTH_CERTIFICATE
How can I apply for old birth certificate copy in Solapur?,BIRTH_CERTIFICATE
What documents are needed for old birth certificate copy in Amravati?,BIRTH_CERTIFICATE
Need information about old birth certificate copy in Kalyan,BIRTH_CERTIFICATE
Mujhe Dombivli mein old birth certificate copy chahiye,BIRTH_CERTIFICATE
I need the procedure for old birth certificate copy in Chhatrapati Sambhajinagar,BIRTH_CERTIFICATE
What documents are needed for delayed birth registration in Mumbai?,BIRTH_CERTIFICATE
Need information about delayed birth registration in Pune,BIRTH_CERTIFICATE
Mujhe Thane mein delayed birth registration chahiye,BIRTH_CERTIFICATE
I need the procedure for delayed birth registration in Navi Mumbai,BIRTH_CERTIFICATE
delayed birth registration ke liye Nagpur me kaha apply karu?,BIRTH_CERTIFICATE
What is required for delayed birth registration in Maharashtra?,BIRTH_CERTIFICATE
Kolhapur me delayed birth registration ka process kya hai?,BIRTH_CERTIFICATE
How do I obtain delayed birth registration in Solapur?,BIRTH_CERTIFICATE
I want to apply for delayed birth registration in Maharashtra,BIRTH_CERTIFICATE
Can you guide me for delayed birth registration in Kalyan?,BIRTH_CERTIFICATE
Where can I apply for delayed birth registration in Dombivli?,BIRTH_CERTIFICATE
I need a municipal delayed birth registration in Chhatrapati Sambhajinagar,BIRTH_CERTIFICATE
I want to apply for birth record search in Maharashtra,BIRTH_CERTIFICATE
Can you guide me for birth record search in Pune?,BIRTH_CERTIFICATE
Where can I apply for birth record search in Thane?,BIRTH_CERTIFICATE
I need a municipal birth record search in Navi Mumbai,BIRTH_CERTIFICATE
I need help with birth record search in Nagpur,BIRTH_CERTIFICATE
I want to get a birth record search in Nashik,BIRTH_CERTIFICATE
Kolhapur mein birth record search ke liye kya karna hoga?,BIRTH_CERTIFICATE
What is the process for birth record search in Solapur?,BIRTH_CERTIFICATE
How to get birth record search from the municipal authority in Amravati?,BIRTH_CERTIFICATE
Please explain birth record search process in Kalyan,BIRTH_CERTIFICATE
How can I get birth record search issued in Dombivli?,BIRTH_CERTIFICATE
How can I apply for birth record search in Chhatrapati Sambhajinagar?,BIRTH_CERTIFICATE
How to get birth certificate for admission from the municipal authority in Mumbai?,BIRTH_CERTIFICATE
Please explain birth certificate for admission process in Pune,BIRTH_CERTIFICATE
How can I get birth certificate for admission issued in Thane?,BIRTH_CERTIFICATE
How can I apply for birth certificate for admission in Navi Mumbai?,BIRTH_CERTIFICATE
What documents are needed for birth certificate for admission in Nagpur?,BIRTH_CERTIFICATE
Need information about birth certificate for admission in Nashik,BIRTH_CERTIFICATE
Mujhe Kolhapur mein birth certificate for admission chahiye,BIRTH_CERTIFICATE
I need the procedure for birth certificate for admission in Solapur,BIRTH_CERTIFICATE
birth certificate for admission ke liye Amravati me kaha apply karu?,BIRTH_CERTIFICATE
What is required for birth certificate for admission in Maharashtra?,BIRTH_CERTIFICATE
Dombivli me birth certificate for admission ka process kya hai?,BIRTH_CERTIFICATE
How do I obtain birth certificate for admission in Chhatrapati Sambhajinagar?,BIRTH_CERTIFICATE
birth certificate reissue ke liye Mumbai me kaha apply karu?,BIRTH_CERTIFICATE
What is required for birth certificate reissue in Maharashtra?,BIRTH_CERTIFICATE
Thane me birth certificate reissue ka process kya hai?,BIRTH_CERTIFICATE
How do I obtain birth certificate reissue in Navi Mumbai?,BIRTH_CERTIFICATE
I want to apply for birth certificate reissue in Maharashtra,BIRTH_CERTIFICATE
Can you guide me for birth certificate reissue in Nashik?,BIRTH_CERTIFICATE
Where can I apply for birth certificate reissue in Kolhapur?,BIRTH_CERTIFICATE
I need a municipal birth certificate reissue in Solapur,BIRTH_CERTIFICATE
I need help with birth certificate reissue in Amravati,BIRTH_CERTIFICATE
I want to get a birth certificate reissue in Kalyan,BIRTH_CERTIFICATE
Dombivli mein birth certificate reissue ke liye kya karna hoga?,BIRTH_CERTIFICATE
What is the process for birth certificate reissue in Chhatrapati Sambhajinagar?,BIRTH_CERTIFICATE
I need help with birth certificate name correction in Mumbai,BIRTH_CERTIFICATE
I want to get a birth certificate name correction in Pune,BIRTH_CERTIFICATE
Thane mein birth certificate name correction ke liye kya karna hoga?,BIRTH_CERTIFICATE
What is the process for birth certificate name correction in Navi Mumbai?,BIRTH_CERTIFICATE
How to get birth certificate name correction from the municipal authority in Nagpur?,BIRTH_CERTIFICATE
Please explain birth certificate name correction process in Nashik,BIRTH_CERTIFICATE
How can I get birth certificate name correction issued in Kolhapur?,BIRTH_CERTIFICATE
How can I apply for birth certificate name correction in Solapur?,BIRTH_CERTIFICATE
What documents are needed for birth certificate name correction in Amravati?,BIRTH_CERTIFICATE
Need information about birth certificate name correction in Kalyan,BIRTH_CERTIFICATE
Mujhe Dombivli mein birth certificate name correction chahiye,BIRTH_CERTIFICATE
I need the procedure for birth certificate name correction in Chhatrapati Sambhajinagar,BIRTH_CERTIFICATE
What documents are needed for birth certificate date correction in Mumbai?,BIRTH_CERTIFICATE
Need information about birth certificate date correction in Pune,BIRTH_CERTIFICATE
Mujhe Thane mein birth certificate date correction chahiye,BIRTH_CERTIFICATE
I need the procedure for birth certificate date correction in Navi Mumbai,BIRTH_CERTIFICATE
birth certificate date correction ke liye Nagpur me kaha apply karu?,BIRTH_CERTIFICATE
What is required for birth certificate date correction in Maharashtra?,BIRTH_CERTIFICATE
Kolhapur me birth certificate date correction ka process kya hai?,BIRTH_CERTIFICATE
How do I obtain birth certificate date correction in Solapur?,BIRTH_CERTIFICATE
I want to apply for birth certificate date correction in Maharashtra,BIRTH_CERTIFICATE
Can you guide me for birth certificate date correction in Kalyan?,BIRTH_CERTIFICATE
Where can I apply for birth certificate date correction in Dombivli?,BIRTH_CERTIFICATE
I need a municipal birth certificate date correction in Chhatrapati Sambhajinagar,BIRTH_CERTIFICATE
I want to apply for birth certificate for school in Maharashtra,BIRTH_CERTIFICATE
Can you guide me for birth certificate for school in Pune?,BIRTH_CERTIFICATE
Where can I apply for birth certificate for school in Thane?,BIRTH_CERTIFICATE
I need a municipal birth certificate for school in Navi Mumbai,BIRTH_CERTIFICATE
I need help with birth certificate for school in Nagpur,BIRTH_CERTIFICATE
I want to get a birth certificate for school in Nashik,BIRTH_CERTIFICATE
Kolhapur mein birth certificate for school ke liye kya karna hoga?,BIRTH_CERTIFICATE
What is the process for birth certificate for school in Solapur?,BIRTH_CERTIFICATE
How to get birth certificate for school from the municipal authority in Amravati?,BIRTH_CERTIFICATE
Please explain birth certificate for school process in Kalyan,BIRTH_CERTIFICATE
How can I get birth certificate for school issued in Dombivli?,BIRTH_CERTIFICATE
How can I apply for birth certificate for school in Chhatrapati Sambhajinagar?,BIRTH_CERTIFICATE
How to get birth certificate for passport from the municipal authority in Mumbai?,BIRTH_CERTIFICATE
Please explain birth certificate for passport process in Pune,BIRTH_CERTIFICATE
How can I get birth certificate for passport issued in Thane?,BIRTH_CERTIFICATE
How can I apply for birth certificate for passport in Navi Mumbai?,BIRTH_CERTIFICATE
What documents are needed for birth certificate for passport in Nagpur?,BIRTH_CERTIFICATE
Need information about birth certificate for passport in Nashik,BIRTH_CERTIFICATE
Mujhe Kolhapur mein birth certificate for passport chahiye,BIRTH_CERTIFICATE
I need the procedure for birth certificate for passport in Solapur,BIRTH_CERTIFICATE
birth certificate for passport ke liye Amravati me kaha apply karu?,BIRTH_CERTIFICATE
What is required for birth certificate for passport in Maharashtra?,BIRTH_CERTIFICATE
Dombivli me birth certificate for passport ka process kya hai?,BIRTH_CERTIFICATE
How do I obtain birth certificate for passport in Chhatrapati Sambhajinagar?,BIRTH_CERTIFICATE
birth certificate for legal use ke liye Mumbai me kaha apply karu?,BIRTH_CERTIFICATE
What is required for birth certificate for legal use in Maharashtra?,BIRTH_CERTIFICATE
Thane me birth certificate for legal use ka process kya hai?,BIRTH_CERTIFICATE
How do I obtain birth certificate for legal use in Navi Mumbai?,BIRTH_CERTIFICATE
I want to apply for birth certificate for legal use in Maharashtra,BIRTH_CERTIFICATE
Can you guide me for birth certificate for legal use in Nashik?,BIRTH_CERTIFICATE
Where can I apply for birth certificate for legal use in Kolhapur?,BIRTH_CERTIFICATE
I need a municipal birth certificate for legal use in Solapur,BIRTH_CERTIFICATE
I need help with birth certificate for legal use in Amravati,BIRTH_CERTIFICATE
I want to get a birth certificate for legal use in Kalyan,BIRTH_CERTIFICATE
Dombivli mein birth certificate for legal use ke liye kya karna hoga?,BIRTH_CERTIFICATE
What is the process for birth certificate for legal use in Chhatrapati Sambhajinagar?,BIRTH_CERTIFICATE
I want to organize a public event in Mumbai,ORGANIZE_PUBLIC_EVENT
We are planning a college fest in Pune,ORGANIZE_PUBLIC_EVENT
I need permission for an outdoor event in Thane,ORGANIZE_PUBLIC_EVENT
How can I organize a cultural program in Nagpur?,ORGANIZE_PUBLIC_EVENT
Mumbai me public event conduct karna hai,ORGANIZE_PUBLIC_EVENT
We want to organize a music event in Navi Mumbai,ORGANIZE_PUBLIC_EVENT
What permissions are needed for a public gathering in Maharashtra?,ORGANIZE_PUBLIC_EVENT
I am arranging a large college event in Pune,ORGANIZE_PUBLIC_EVENT
Need permissions for a community event in Nashik,ORGANIZE_PUBLIC_EVENT
I want to organize an outdoor festival in Kolhapur,ORGANIZE_PUBLIC_EVENT
How do I get approval for a public event in Solapur?,ORGANIZE_PUBLIC_EVENT
Amravati me cultural event organise karna hai,ORGANIZE_PUBLIC_EVENT
I want to conduct a college fest in Thane,ORGANIZE_PUBLIC_EVENT
What is required to organize a music show in Mumbai?,ORGANIZE_PUBLIC_EVENT
I need permission for a community gathering in Pune,ORGANIZE_PUBLIC_EVENT
How can I arrange an exhibition in Nagpur?,ORGANIZE_PUBLIC_EVENT
Nashik me public program ke liye permission chahiye,ORGANIZE_PUBLIC_EVENT
I want to organize a sports event in Navi Mumbai,ORGANIZE_PUBLIC_EVENT
What approvals are required for an outdoor function in Maharashtra?,ORGANIZE_PUBLIC_EVENT
I need guidance for organizing a public event in Kolhapur,ORGANIZE_PUBLIC_EVENT
What approvals are needed for a public event in Pune?,ORGANIZE_PUBLIC_EVENT
Thane mein public event ke liye kya process hai?,ORGANIZE_PUBLIC_EVENT
What permissions do I need for a public event in Navi Mumbai?,ORGANIZE_PUBLIC_EVENT
What is the procedure for a public event in Nagpur?,ORGANIZE_PUBLIC_EVENT
public event ke liye Nashik me permission kaise milegi?,ORGANIZE_PUBLIC_EVENT
What documents are needed for a public event in Kolhapur?,ORGANIZE_PUBLIC_EVENT
How can I get permission for a public event in Solapur?,ORGANIZE_PUBLIC_EVENT
I am planning a public event in Amravati,ORGANIZE_PUBLIC_EVENT
How do I arrange a public event in Kalyan?,ORGANIZE_PUBLIC_EVENT
Mujhe Dombivli mein public event conduct karna hai,ORGANIZE_PUBLIC_EVENT
I need approval for conducting a public event in Chhatrapati Sambhajinagar,ORGANIZE_PUBLIC_EVENT
Need permission to conduct a college fest in Mumbai,ORGANIZE_PUBLIC_EVENT
I need guidance for organizing a college fest in Pune,ORGANIZE_PUBLIC_EVENT
Can I organize a college fest in Thane?,ORGANIZE_PUBLIC_EVENT
How to legally organize a college fest in Navi Mumbai?,ORGANIZE_PUBLIC_EVENT
Please explain the permission process for a college fest in Nagpur,ORGANIZE_PUBLIC_EVENT
I want to organize a college fest in Nashik,ORGANIZE_PUBLIC_EVENT
What approvals are needed for a college fest in Kolhapur?,ORGANIZE_PUBLIC_EVENT
Solapur mein college fest ke liye kya process hai?,ORGANIZE_PUBLIC_EVENT
What permissions do I need for a college fest in Amravati?,ORGANIZE_PUBLIC_EVENT
What is the procedure for a college fest in Kalyan?,ORGANIZE_PUBLIC_EVENT
college fest ke liye Dombivli me permission kaise milegi?,ORGANIZE_PUBLIC_EVENT
What documents are needed for a college fest in Chhatrapati Sambhajinagar?,ORGANIZE_PUBLIC_EVENT
Mujhe Mumbai mein cultural program conduct karna hai,ORGANIZE_PUBLIC_EVENT
I need approval for conducting a cultural program in Pune,ORGANIZE_PUBLIC_EVENT
I want to conduct a cultural program in Maharashtra,ORGANIZE_PUBLIC_EVENT
I need help planning a permitted cultural program in Navi Mumbai,ORGANIZE_PUBLIC_EVENT
Nagpur me cultural program organise karna hai,ORGANIZE_PUBLIC_EVENT
Need permission to conduct a cultural program in Nashik,ORGANIZE_PUBLIC_EVENT
I need guidance for organizing a cultural program in Kolhapur,ORGANIZE_PUBLIC_EVENT
Can I organize a cultural program in Solapur?,ORGANIZE_PUBLIC_EVENT
How to legally organize a cultural program in Amravati?,ORGANIZE_PUBLIC_EVENT
Please explain the permission process for a cultural program in Kalyan,ORGANIZE_PUBLIC_EVENT
I want to organize a cultural program in Dombivli,ORGANIZE_PUBLIC_EVENT
What approvals are needed for a cultural program in Chhatrapati Sambhajinagar?,ORGANIZE_PUBLIC_EVENT
music event ke liye Mumbai me permission kaise milegi?,ORGANIZE_PUBLIC_EVENT
What documents are needed for a music event in Pune?,ORGANIZE_PUBLIC_EVENT
How can I get permission for a music event in Thane?,ORGANIZE_PUBLIC_EVENT
I am planning a music event in Navi Mumbai,ORGANIZE_PUBLIC_EVENT
How do I arrange a music event in Nagpur?,ORGANIZE_PUBLIC_EVENT
Mujhe Nashik mein music event conduct karna hai,ORGANIZE_PUBLIC_EVENT
I need approval for conducting a music event in Kolhapur,ORGANIZE_PUBLIC_EVENT
I want to conduct a music event in Maharashtra,ORGANIZE_PUBLIC_EVENT
I need help planning a permitted music event in Amravati,ORGANIZE_PUBLIC_EVENT
Kalyan me music event organise karna hai,ORGANIZE_PUBLIC_EVENT
Need permission to conduct a music event in Dombivli,ORGANIZE_PUBLIC_EVENT
I need guidance for organizing a music event in Chhatrapati Sambhajinagar,ORGANIZE_PUBLIC_EVENT
I want to organize a community gathering in Mumbai,ORGANIZE_PUBLIC_EVENT
What approvals are needed for a community gathering in Pune?,ORGANIZE_PUBLIC_EVENT
Thane mein community gathering ke liye kya process hai?,ORGANIZE_PUBLIC_EVENT
What permissions do I need for a community gathering in Navi Mumbai?,ORGANIZE_PUBLIC_EVENT
What is the procedure for a community gathering in Nagpur?,ORGANIZE_PUBLIC_EVENT
community gathering ke liye Nashik me permission kaise milegi?,ORGANIZE_PUBLIC_EVENT
What documents are needed for a community gathering in Kolhapur?,ORGANIZE_PUBLIC_EVENT
How can I get permission for a community gathering in Solapur?,ORGANIZE_PUBLIC_EVENT
I am planning a community gathering in Amravati,ORGANIZE_PUBLIC_EVENT
How do I arrange a community gathering in Kalyan?,ORGANIZE_PUBLIC_EVENT
Mujhe Dombivli mein community gathering conduct karna hai,ORGANIZE_PUBLIC_EVENT
I need approval for conducting a community gathering in Chhatrapati Sambhajinagar,ORGANIZE_PUBLIC_EVENT
Need permission to conduct a outdoor festival in Mumbai,ORGANIZE_PUBLIC_EVENT
I need guidance for organizing a outdoor festival in Pune,ORGANIZE_PUBLIC_EVENT
Can I organize a outdoor festival in Thane?,ORGANIZE_PUBLIC_EVENT
How to legally organize a outdoor festival in Navi Mumbai?,ORGANIZE_PUBLIC_EVENT
Please explain the permission process for a outdoor festival in Nagpur,ORGANIZE_PUBLIC_EVENT
I want to organize a outdoor festival in Nashik,ORGANIZE_PUBLIC_EVENT
What approvals are needed for a outdoor festival in Kolhapur?,ORGANIZE_PUBLIC_EVENT
Solapur mein outdoor festival ke liye kya process hai?,ORGANIZE_PUBLIC_EVENT
What permissions do I need for a outdoor festival in Amravati?,ORGANIZE_PUBLIC_EVENT
What is the procedure for a outdoor festival in Kalyan?,ORGANIZE_PUBLIC_EVENT
outdoor festival ke liye Dombivli me permission kaise milegi?,ORGANIZE_PUBLIC_EVENT
What documents are needed for a outdoor festival in Chhatrapati Sambhajinagar?,ORGANIZE_PUBLIC_EVENT
Mujhe Mumbai mein sports event conduct karna hai,ORGANIZE_PUBLIC_EVENT
I need approval for conducting a sports event in Pune,ORGANIZE_PUBLIC_EVENT
I want to conduct a sports event in Maharashtra,ORGANIZE_PUBLIC_EVENT
I need help planning a permitted sports event in Navi Mumbai,ORGANIZE_PUBLIC_EVENT
Nagpur me sports event organise karna hai,ORGANIZE_PUBLIC_EVENT
Need permission to conduct a sports event in Nashik,ORGANIZE_PUBLIC_EVENT
I need guidance for organizing a sports event in Kolhapur,ORGANIZE_PUBLIC_EVENT
Can I organize a sports event in Solapur?,ORGANIZE_PUBLIC_EVENT
How to legally organize a sports event in Amravati?,ORGANIZE_PUBLIC_EVENT
Please explain the permission process for a sports event in Kalyan,ORGANIZE_PUBLIC_EVENT
I want to organize a sports event in Dombivli,ORGANIZE_PUBLIC_EVENT
What approvals are needed for a sports event in Chhatrapati Sambhajinagar?,ORGANIZE_PUBLIC_EVENT
public exhibition ke liye Mumbai me permission kaise milegi?,ORGANIZE_PUBLIC_EVENT
What documents are needed for a public exhibition in Pune?,ORGANIZE_PUBLIC_EVENT
How can I get permission for a public exhibition in Thane?,ORGANIZE_PUBLIC_EVENT
I am planning a public exhibition in Navi Mumbai,ORGANIZE_PUBLIC_EVENT
How do I arrange a public exhibition in Nagpur?,ORGANIZE_PUBLIC_EVENT
Mujhe Nashik mein public exhibition conduct karna hai,ORGANIZE_PUBLIC_EVENT
I need approval for conducting a public exhibition in Kolhapur,ORGANIZE_PUBLIC_EVENT
I want to conduct a public exhibition in Maharashtra,ORGANIZE_PUBLIC_EVENT
I need help planning a permitted public exhibition in Amravati,ORGANIZE_PUBLIC_EVENT
Kalyan me public exhibition organise karna hai,ORGANIZE_PUBLIC_EVENT
Need permission to conduct a public exhibition in Dombivli,ORGANIZE_PUBLIC_EVENT
I need guidance for organizing a public exhibition in Chhatrapati Sambhajinagar,ORGANIZE_PUBLIC_EVENT
I want to organize a stage show in Mumbai,ORGANIZE_PUBLIC_EVENT
What approvals are needed for a stage show in Pune?,ORGANIZE_PUBLIC_EVENT
Thane mein stage show ke liye kya process hai?,ORGANIZE_PUBLIC_EVENT
What permissions do I need for a stage show in Navi Mumbai?,ORGANIZE_PUBLIC_EVENT
What is the procedure for a stage show in Nagpur?,ORGANIZE_PUBLIC_EVENT
stage show ke liye Nashik me permission kaise milegi?,ORGANIZE_PUBLIC_EVENT
What documents are needed for a stage show in Kolhapur?,ORGANIZE_PUBLIC_EVENT
How can I get permission for a stage show in Solapur?,ORGANIZE_PUBLIC_EVENT
I am planning a stage show in Amravati,ORGANIZE_PUBLIC_EVENT
How do I arrange a stage show in Kalyan?,ORGANIZE_PUBLIC_EVENT
Mujhe Dombivli mein stage show conduct karna hai,ORGANIZE_PUBLIC_EVENT
I need approval for conducting a stage show in Chhatrapati Sambhajinagar,ORGANIZE_PUBLIC_EVENT
Need permission to conduct a charity event in Mumbai,ORGANIZE_PUBLIC_EVENT
I need guidance for organizing a charity event in Pune,ORGANIZE_PUBLIC_EVENT
Can I organize a charity event in Thane?,ORGANIZE_PUBLIC_EVENT
How to legally organize a charity event in Navi Mumbai?,ORGANIZE_PUBLIC_EVENT
Please explain the permission process for a charity event in Nagpur,ORGANIZE_PUBLIC_EVENT
I want to organize a charity event in Nashik,ORGANIZE_PUBLIC_EVENT
What approvals are needed for a charity event in Kolhapur?,ORGANIZE_PUBLIC_EVENT
Solapur mein charity event ke liye kya process hai?,ORGANIZE_PUBLIC_EVENT
What permissions do I need for a charity event in Amravati?,ORGANIZE_PUBLIC_EVENT
What is the procedure for a charity event in Kalyan?,ORGANIZE_PUBLIC_EVENT
charity event ke liye Dombivli me permission kaise milegi?,ORGANIZE_PUBLIC_EVENT
What documents are needed for a charity event in Chhatrapati Sambhajinagar?,ORGANIZE_PUBLIC_EVENT
Mujhe Mumbai mein community function conduct karna hai,ORGANIZE_PUBLIC_EVENT
I need approval for conducting a community function in Pune,ORGANIZE_PUBLIC_EVENT
I want to conduct a community function in Maharashtra,ORGANIZE_PUBLIC_EVENT
I need help planning a permitted community function in Navi Mumbai,ORGANIZE_PUBLIC_EVENT
Nagpur me community function organise karna hai,ORGANIZE_PUBLIC_EVENT
Need permission to conduct a community function in Nashik,ORGANIZE_PUBLIC_EVENT
I need guidance for organizing a community function in Kolhapur,ORGANIZE_PUBLIC_EVENT
Can I organize a community function in Solapur?,ORGANIZE_PUBLIC_EVENT
How to legally organize a community function in Amravati?,ORGANIZE_PUBLIC_EVENT
Please explain the permission process for a community function in Kalyan,ORGANIZE_PUBLIC_EVENT
I want to organize a community function in Dombivli,ORGANIZE_PUBLIC_EVENT
What approvals are needed for a community function in Chhatrapati Sambhajinagar?,ORGANIZE_PUBLIC_EVENT
public celebration ke liye Mumbai me permission kaise milegi?,ORGANIZE_PUBLIC_EVENT
What documents are needed for a public celebration in Pune?,ORGANIZE_PUBLIC_EVENT
How can I get permission for a public celebration in Thane?,ORGANIZE_PUBLIC_EVENT
I am planning a public celebration in Navi Mumbai,ORGANIZE_PUBLIC_EVENT
How do I arrange a public celebration in Nagpur?,ORGANIZE_PUBLIC_EVENT
Mujhe Nashik mein public celebration conduct karna hai,ORGANIZE_PUBLIC_EVENT
I need approval for conducting a public celebration in Kolhapur,ORGANIZE_PUBLIC_EVENT
I want to conduct a public celebration in Maharashtra,ORGANIZE_PUBLIC_EVENT
I need help planning a permitted public celebration in Amravati,ORGANIZE_PUBLIC_EVENT
Kalyan me public celebration organise karna hai,ORGANIZE_PUBLIC_EVENT
Need permission to conduct a public celebration in Dombivli,ORGANIZE_PUBLIC_EVENT
I need guidance for organizing a public celebration in Chhatrapati Sambhajinagar,ORGANIZE_PUBLIC_EVENT
I want to organize a college cultural event in Mumbai,ORGANIZE_PUBLIC_EVENT
What approvals are needed for a college cultural event in Pune?,ORGANIZE_PUBLIC_EVENT
Thane mein college cultural event ke liye kya process hai?,ORGANIZE_PUBLIC_EVENT
What permissions do I need for a college cultural event in Navi Mumbai?,ORGANIZE_PUBLIC_EVENT
What is the procedure for a college cultural event in Nagpur?,ORGANIZE_PUBLIC_EVENT
college cultural event ke liye Nashik me permission kaise milegi?,ORGANIZE_PUBLIC_EVENT
What documents are needed for a college cultural event in Kolhapur?,ORGANIZE_PUBLIC_EVENT
How can I get permission for a college cultural event in Solapur?,ORGANIZE_PUBLIC_EVENT
I am planning a college cultural event in Amravati,ORGANIZE_PUBLIC_EVENT
How do I arrange a college cultural event in Kalyan?,ORGANIZE_PUBLIC_EVENT
Mujhe Dombivli mein college cultural event conduct karna hai,ORGANIZE_PUBLIC_EVENT
I need approval for conducting a college cultural event in Chhatrapati Sambhajinagar,ORGANIZE_PUBLIC_EVENT
Need permission to conduct a outdoor function in Mumbai,ORGANIZE_PUBLIC_EVENT
I need guidance for organizing a outdoor function in Pune,ORGANIZE_PUBLIC_EVENT
Can I organize a outdoor function in Thane?,ORGANIZE_PUBLIC_EVENT
How to legally organize a outdoor function in Navi Mumbai?,ORGANIZE_PUBLIC_EVENT
Please explain the permission process for a outdoor function in Nagpur,ORGANIZE_PUBLIC_EVENT
I want to organize a outdoor function in Nashik,ORGANIZE_PUBLIC_EVENT
What approvals are needed for a outdoor function in Kolhapur?,ORGANIZE_PUBLIC_EVENT
Solapur mein outdoor function ke liye kya process hai?,ORGANIZE_PUBLIC_EVENT
What permissions do I need for a outdoor function in Amravati?,ORGANIZE_PUBLIC_EVENT
What is the procedure for a outdoor function in Kalyan?,ORGANIZE_PUBLIC_EVENT
outdoor function ke liye Dombivli me permission kaise milegi?,ORGANIZE_PUBLIC_EVENT
What documents are needed for a outdoor function in Chhatrapati Sambhajinagar?,ORGANIZE_PUBLIC_EVENT
Mujhe Mumbai mein public performance conduct karna hai,ORGANIZE_PUBLIC_EVENT
I need approval for conducting a public performance in Pune,ORGANIZE_PUBLIC_EVENT
I want to conduct a public performance in Maharashtra,ORGANIZE_PUBLIC_EVENT
I need help planning a permitted public performance in Navi Mumbai,ORGANIZE_PUBLIC_EVENT
Nagpur me public performance organise karna hai,ORGANIZE_PUBLIC_EVENT
Need permission to conduct a public performance in Nashik,ORGANIZE_PUBLIC_EVENT
I need guidance for organizing a public performance in Kolhapur,ORGANIZE_PUBLIC_EVENT
Can I organize a public performance in Solapur?,ORGANIZE_PUBLIC_EVENT
How to legally organize a public performance in Amravati?,ORGANIZE_PUBLIC_EVENT
Please explain the permission process for a public performance in Kalyan,ORGANIZE_PUBLIC_EVENT
I want to organize a public performance in Dombivli,ORGANIZE_PUBLIC_EVENT
What approvals are needed for a public performance in Chhatrapati Sambhajinagar?,ORGANIZE_PUBLIC_EVENT
"I need information about permissions and approvals for organizing a public event in Mumbai, Maharashtra",ORGANIZE_PUBLIC_EVENT
I need a Maharashtra domicile certificate,DOMICILE_CERTIFICATE_MAHARASHTRA
How can I apply for domicile in Maharashtra?,DOMICILE_CERTIFICATE_MAHARASHTRA
Maharashtra domicile banana hai,DOMICILE_CERTIFICATE_MAHARASHTRA
I need domicile for college admission in Pune,DOMICILE_CERTIFICATE_MAHARASHTRA
How to get domicile certificate in Mumbai?,DOMICILE_CERTIFICATE_MAHARASHTRA
I require Maharashtra domicile for admission,DOMICILE_CERTIFICATE_MAHARASHTRA
Domicile certificate ke liye kya documents lagenge?,DOMICILE_CERTIFICATE_MAHARASHTRA
I live in Nagpur and need Maharashtra domicile,DOMICILE_CERTIFICATE_MAHARASHTRA
How do I apply for a domicile certificate?,DOMICILE_CERTIFICATE_MAHARASHTRA
Maharashtra residence certificate chahiye,DOMICILE_CERTIFICATE_MAHARASHTRA
I need domicile certificate for scholarship in Nashik,DOMICILE_CERTIFICATE_MAHARASHTRA
Pune me domicile certificate kaise banega?,DOMICILE_CERTIFICATE_MAHARASHTRA
I want to apply for Maharashtra domicile in Thane,DOMICILE_CERTIFICATE_MAHARASHTRA
Need residence proof certificate for Maharashtra,DOMICILE_CERTIFICATE_MAHARASHTRA
I require domicile certificate for a government application,DOMICILE_CERTIFICATE_MAHARASHTRA
How can I get domicile in Navi Mumbai?,DOMICILE_CERTIFICATE_MAHARASHTRA
Kolhapur me Maharashtra domicile ke liye apply karna hai,DOMICILE_CERTIFICATE_MAHARASHTRA
I need domicile certificate for education purpose,DOMICILE_CERTIFICATE_MAHARASHTRA
What is the process for Maharashtra domicile certificate?,DOMICILE_CERTIFICATE_MAHARASHTRA
Solapur me domicile certificate chahiye,DOMICILE_CERTIFICATE_MAHARASHTRA
I need a Maharashtra domicile certificate in Mumbai,DOMICILE_CERTIFICATE_MAHARASHTRA
Pune me Maharashtra domicile certificate kaise banega?,DOMICILE_CERTIFICATE_MAHARASHTRA
I want to get a Maharashtra domicile certificate in Thane,DOMICILE_CERTIFICATE_MAHARASHTRA
Mujhe Navi Mumbai mein Maharashtra domicile certificate chahiye,DOMICILE_CERTIFICATE_MAHARASHTRA
Need guidance for Maharashtra domicile certificate in Nagpur,DOMICILE_CERTIFICATE_MAHARASHTRA
I want to apply for Maharashtra domicile certificate in Maharashtra,DOMICILE_CERTIFICATE_MAHARASHTRA
Where should I apply for Maharashtra domicile certificate in Kolhapur?,DOMICILE_CERTIFICATE_MAHARASHTRA
How to get Maharashtra domicile certificate from Maharashtra authorities?,DOMICILE_CERTIFICATE_MAHARASHTRA
Maharashtra domicile certificate ke liye Amravati me kaha apply karu?,DOMICILE_CERTIFICATE_MAHARASHTRA
What is needed to get Maharashtra domicile certificate in Maharashtra?,DOMICILE_CERTIFICATE_MAHARASHTRA
I need a Maharashtra domicile certificate in Dombivli,DOMICILE_CERTIFICATE_MAHARASHTRA
Chhatrapati Sambhajinagar me Maharashtra domicile certificate kaise banega?,DOMICILE_CERTIFICATE_MAHARASHTRA
What is the process for domicile certificate for college admission in Mumbai?,DOMICILE_CERTIFICATE_MAHARASHTRA
How do I obtain domicile certificate for college admission in Pune?,DOMICILE_CERTIFICATE_MAHARASHTRA
Thane mein domicile certificate for college admission ke liye kya karna hai?,DOMICILE_CERTIFICATE_MAHARASHTRA
Can you explain the process for domicile certificate for college admission in Navi Mumbai?,DOMICILE_CERTIFICATE_MAHARASHTRA
I need information about domicile certificate for college admission in Nagpur,DOMICILE_CERTIFICATE_MAHARASHTRA
Please tell me how to apply for domicile certificate for college admission in Nashik,DOMICILE_CERTIFICATE_MAHARASHTRA
I require a domicile certificate for college admission in Kolhapur,DOMICILE_CERTIFICATE_MAHARASHTRA
I need help applying for domicile certificate for college admission in Solapur,DOMICILE_CERTIFICATE_MAHARASHTRA
How can I apply for domicile certificate for college admission in Amravati?,DOMICILE_CERTIFICATE_MAHARASHTRA
What documents are required for domicile certificate for college admission in Kalyan?,DOMICILE_CERTIFICATE_MAHARASHTRA
What is the process for domicile certificate for college admission in Dombivli?,DOMICILE_CERTIFICATE_MAHARASHTRA
How do I obtain domicile certificate for college admission in Chhatrapati Sambhajinagar?,DOMICILE_CERTIFICATE_MAHARASHTRA
I want to apply for domicile certificate for scholarship in Maharashtra,DOMICILE_CERTIFICATE_MAHARASHTRA
Where should I apply for domicile certificate for scholarship in Pune?,DOMICILE_CERTIFICATE_MAHARASHTRA
How to get domicile certificate for scholarship from Maharashtra authorities?,DOMICILE_CERTIFICATE_MAHARASHTRA
domicile certificate for scholarship ke liye Navi Mumbai me kaha apply karu?,DOMICILE_CERTIFICATE_MAHARASHTRA
What is needed to get domicile certificate for scholarship in Maharashtra?,DOMICILE_CERTIFICATE_MAHARASHTRA
I need a domicile certificate for scholarship in Nashik,DOMICILE_CERTIFICATE_MAHARASHTRA
Kolhapur me domicile certificate for scholarship kaise banega?,DOMICILE_CERTIFICATE_MAHARASHTRA
I want to get a domicile certificate for scholarship in Solapur,DOMICILE_CERTIFICATE_MAHARASHTRA
Mujhe Amravati mein domicile certificate for scholarship chahiye,DOMICILE_CERTIFICATE_MAHARASHTRA
Need guidance for domicile certificate for scholarship in Kalyan,DOMICILE_CERTIFICATE_MAHARASHTRA
Where should I apply for domicile certificate for scholarship in Chhatrapati Sambhajinagar?,DOMICILE_CERTIFICATE_MAHARASHTRA
Please tell me how to apply for domicile certificate for government job in Mumbai,DOMICILE_CERTIFICATE_MAHARASHTRA
I require a domicile certificate for government job in Pune,DOMICILE_CERTIFICATE_MAHARASHTRA
I need help applying for domicile certificate for government job in Thane,DOMICILE_CERTIFICATE_MAHARASHTRA
How can I apply for domicile certificate for government job in Navi Mumbai?,DOMICILE_CERTIFICATE_MAHARASHTRA
What documents are required for domicile certificate for government job in Nagpur?,DOMICILE_CERTIFICATE_MAHARASHTRA
What is the process for domicile certificate for government job in Nashik?,DOMICILE_CERTIFICATE_MAHARASHTRA
How do I obtain domicile certificate for government job in Kolhapur?,DOMICILE_CERTIFICATE_MAHARASHTRA
Solapur mein domicile certificate for government job ke liye kya karna hai?,DOMICILE_CERTIFICATE_MAHARASHTRA
Can you explain the process for domicile certificate for government job in Amravati?,DOMICILE_CERTIFICATE_MAHARASHTRA
I need information about domicile certificate for government job in Kalyan,DOMICILE_CERTIFICATE_MAHARASHTRA
Please tell me how to apply for domicile certificate for government job in Dombivli,DOMICILE_CERTIFICATE_MAHARASHTRA
I require a domicile certificate for government job in Chhatrapati Sambhajinagar,DOMICILE_CERTIFICATE_MAHARASHTRA
I need a residence certificate for Maharashtra in Mumbai,DOMICILE_CERTIFICATE_MAHARASHTRA
Pune me residence certificate for Maharashtra kaise banega?,DOMICILE_CERTIFICATE_MAHARASHTRA
I want to get a residence certificate for Maharashtra in Thane,DOMICILE_CERTIFICATE_MAHARASHTRA
Mujhe Navi Mumbai mein residence certificate for Maharashtra chahiye,DOMICILE_CERTIFICATE_MAHARASHTRA
Need guidance for residence certificate for Maharashtra in Nagpur,DOMICILE_CERTIFICATE_MAHARASHTRA
I want to apply for residence certificate for Maharashtra in Maharashtra,DOMICILE_CERTIFICATE_MAHARASHTRA
Where should I apply for residence certificate for Maharashtra in Kolhapur?,DOMICILE_CERTIFICATE_MAHARASHTRA
How to get residence certificate for Maharashtra from Maharashtra authorities?,DOMICILE_CERTIFICATE_MAHARASHTRA
residence certificate for Maharashtra ke liye Amravati me kaha apply karu?,DOMICILE_CERTIFICATE_MAHARASHTRA
What is needed to get residence certificate for Maharashtra in Maharashtra?,DOMICILE_CERTIFICATE_MAHARASHTRA
I need a residence certificate for Maharashtra in Dombivli,DOMICILE_CERTIFICATE_MAHARASHTRA
Chhatrapati Sambhajinagar me residence certificate for Maharashtra kaise banega?,DOMICILE_CERTIFICATE_MAHARASHTRA
What is the process for domicile certificate for education in Mumbai?,DOMICILE_CERTIFICATE_MAHARASHTRA
How do I obtain domicile certificate for education in Pune?,DOMICILE_CERTIFICATE_MAHARASHTRA
Thane mein domicile certificate for education ke liye kya karna hai?,DOMICILE_CERTIFICATE_MAHARASHTRA
Can you explain the process for domicile certificate for education in Navi Mumbai?,DOMICILE_CERTIFICATE_MAHARASHTRA
I need information about domicile certificate for education in Nagpur,DOMICILE_CERTIFICATE_MAHARASHTRA
Please tell me how to apply for domicile certificate for education in Nashik,DOMICILE_CERTIFICATE_MAHARASHTRA
I require a domicile certificate for education in Kolhapur,DOMICILE_CERTIFICATE_MAHARASHTRA
I need help applying for domicile certificate for education in Solapur,DOMICILE_CERTIFICATE_MAHARASHTRA
How can I apply for domicile certificate for education in Amravati?,DOMICILE_CERTIFICATE_MAHARASHTRA
What documents are required for domicile certificate for education in Kalyan?,DOMICILE_CERTIFICATE_MAHARASHTRA
What is the process for domicile certificate for education in Dombivli?,DOMICILE_CERTIFICATE_MAHARASHTRA
How do I obtain domicile certificate for education in Chhatrapati Sambhajinagar?,DOMICILE_CERTIFICATE_MAHARASHTRA
I want to apply for domicile certificate for admission in Maharashtra,DOMICILE_CERTIFICATE_MAHARASHTRA
Where should I apply for domicile certificate for admission in Pune?,DOMICILE_CERTIFICATE_MAHARASHTRA
How to get domicile certificate for admission from Maharashtra authorities?,DOMICILE_CERTIFICATE_MAHARASHTRA
domicile certificate for admission ke liye Navi Mumbai me kaha apply karu?,DOMICILE_CERTIFICATE_MAHARASHTRA
What is needed to get domicile certificate for admission in Maharashtra?,DOMICILE_CERTIFICATE_MAHARASHTRA
I need a domicile certificate for admission in Nashik,DOMICILE_CERTIFICATE_MAHARASHTRA
Kolhapur me domicile certificate for admission kaise banega?,DOMICILE_CERTIFICATE_MAHARASHTRA
I want to get a domicile certificate for admission in Solapur,DOMICILE_CERTIFICATE_MAHARASHTRA
Mujhe Amravati mein domicile certificate for admission chahiye,DOMICILE_CERTIFICATE_MAHARASHTRA
Need guidance for domicile certificate for admission in Kalyan,DOMICILE_CERTIFICATE_MAHARASHTRA
Where should I apply for domicile certificate for admission in Chhatrapati Sambhajinagar?,DOMICILE_CERTIFICATE_MAHARASHTRA
Please tell me how to apply for domicile certificate for state benefit in Mumbai,DOMICILE_CERTIFICATE_MAHARASHTRA
I require a domicile certificate for state benefit in Pune,DOMICILE_CERTIFICATE_MAHARASHTRA
I need help applying for domicile certificate for state benefit in Thane,DOMICILE_CERTIFICATE_MAHARASHTRA
How can I apply for domicile certificate for state benefit in Navi Mumbai?,DOMICILE_CERTIFICATE_MAHARASHTRA
What documents are required for domicile certificate for state benefit in Nagpur?,DOMICILE_CERTIFICATE_MAHARASHTRA
What is the process for domicile certificate for state benefit in Nashik?,DOMICILE_CERTIFICATE_MAHARASHTRA
How do I obtain domicile certificate for state benefit in Kolhapur?,DOMICILE_CERTIFICATE_MAHARASHTRA
Solapur mein domicile certificate for state benefit ke liye kya karna hai?,DOMICILE_CERTIFICATE_MAHARASHTRA
Can you explain the process for domicile certificate for state benefit in Amravati?,DOMICILE_CERTIFICATE_MAHARASHTRA
I need information about domicile certificate for state benefit in Kalyan,DOMICILE_CERTIFICATE_MAHARASHTRA
Please tell me how to apply for domicile certificate for state benefit in Dombivli,DOMICILE_CERTIFICATE_MAHARASHTRA
I require a domicile certificate for state benefit in Chhatrapati Sambhajinagar,DOMICILE_CERTIFICATE_MAHARASHTRA
I need a domicile certificate application in Mumbai,DOMICILE_CERTIFICATE_MAHARASHTRA
Pune me domicile certificate application kaise banega?,DOMICILE_CERTIFICATE_MAHARASHTRA
I want to get a domicile certificate application in Thane,DOMICILE_CERTIFICATE_MAHARASHTRA
Mujhe Navi Mumbai mein domicile certificate application chahiye,DOMICILE_CERTIFICATE_MAHARASHTRA
Need guidance for domicile certificate application in Nagpur,DOMICILE_CERTIFICATE_MAHARASHTRA
I want to apply for domicile certificate application in Maharashtra,DOMICILE_CERTIFICATE_MAHARASHTRA
Where should I apply for domicile certificate application in Kolhapur?,DOMICILE_CERTIFICATE_MAHARASHTRA
How to get domicile certificate application from Maharashtra authorities?,DOMICILE_CERTIFICATE_MAHARASHTRA
domicile certificate application ke liye Amravati me kaha apply karu?,DOMICILE_CERTIFICATE_MAHARASHTRA
What is needed to get domicile certificate application in Maharashtra?,DOMICILE_CERTIFICATE_MAHARASHTRA
I need a domicile certificate application in Dombivli,DOMICILE_CERTIFICATE_MAHARASHTRA
Chhatrapati Sambhajinagar me domicile certificate application kaise banega?,DOMICILE_CERTIFICATE_MAHARASHTRA
What is the process for domicile certificate documents in Mumbai?,DOMICILE_CERTIFICATE_MAHARASHTRA
How do I obtain domicile certificate documents in Pune?,DOMICILE_CERTIFICATE_MAHARASHTRA
Thane mein domicile certificate documents ke liye kya karna hai?,DOMICILE_CERTIFICATE_MAHARASHTRA
Can you explain the process for domicile certificate documents in Navi Mumbai?,DOMICILE_CERTIFICATE_MAHARASHTRA
I need information about domicile certificate documents in Nagpur,DOMICILE_CERTIFICATE_MAHARASHTRA
Please tell me how to apply for domicile certificate documents in Nashik,DOMICILE_CERTIFICATE_MAHARASHTRA
I require a domicile certificate documents in Kolhapur,DOMICILE_CERTIFICATE_MAHARASHTRA
I need help applying for domicile certificate documents in Solapur,DOMICILE_CERTIFICATE_MAHARASHTRA
How can I apply for domicile certificate documents in Amravati?,DOMICILE_CERTIFICATE_MAHARASHTRA
What documents are required for domicile certificate documents in Kalyan?,DOMICILE_CERTIFICATE_MAHARASHTRA
What is the process for domicile certificate documents in Dombivli?,DOMICILE_CERTIFICATE_MAHARASHTRA
How do I obtain domicile certificate documents in Chhatrapati Sambhajinagar?,DOMICILE_CERTIFICATE_MAHARASHTRA
I want to apply for domicile certificate eligibility in Maharashtra,DOMICILE_CERTIFICATE_MAHARASHTRA
Where should I apply for domicile certificate eligibility in Pune?,DOMICILE_CERTIFICATE_MAHARASHTRA
How to get domicile certificate eligibility from Maharashtra authorities?,DOMICILE_CERTIFICATE_MAHARASHTRA
domicile certificate eligibility ke liye Navi Mumbai me kaha apply karu?,DOMICILE_CERTIFICATE_MAHARASHTRA
What is needed to get domicile certificate eligibility in Maharashtra?,DOMICILE_CERTIFICATE_MAHARASHTRA
I need a domicile certificate eligibility in Nashik,DOMICILE_CERTIFICATE_MAHARASHTRA
Kolhapur me domicile certificate eligibility kaise banega?,DOMICILE_CERTIFICATE_MAHARASHTRA
I want to get a domicile certificate eligibility in Solapur,DOMICILE_CERTIFICATE_MAHARASHTRA
Mujhe Amravati mein domicile certificate eligibility chahiye,DOMICILE_CERTIFICATE_MAHARASHTRA
Need guidance for domicile certificate eligibility in Kalyan,DOMICILE_CERTIFICATE_MAHARASHTRA
Where should I apply for domicile certificate eligibility in Chhatrapati Sambhajinagar?,DOMICILE_CERTIFICATE_MAHARASHTRA
Please tell me how to apply for domicile certificate verification in Mumbai,DOMICILE_CERTIFICATE_MAHARASHTRA
I require a domicile certificate verification in Pune,DOMICILE_CERTIFICATE_MAHARASHTRA
I need help applying for domicile certificate verification in Thane,DOMICILE_CERTIFICATE_MAHARASHTRA
How can I apply for domicile certificate verification in Navi Mumbai?,DOMICILE_CERTIFICATE_MAHARASHTRA
What documents are required for domicile certificate verification in Nagpur?,DOMICILE_CERTIFICATE_MAHARASHTRA
What is the process for domicile certificate verification in Nashik?,DOMICILE_CERTIFICATE_MAHARASHTRA
How do I obtain domicile certificate verification in Kolhapur?,DOMICILE_CERTIFICATE_MAHARASHTRA
Solapur mein domicile certificate verification ke liye kya karna hai?,DOMICILE_CERTIFICATE_MAHARASHTRA
Can you explain the process for domicile certificate verification in Amravati?,DOMICILE_CERTIFICATE_MAHARASHTRA
I need information about domicile certificate verification in Kalyan,DOMICILE_CERTIFICATE_MAHARASHTRA
Please tell me how to apply for domicile certificate verification in Dombivli,DOMICILE_CERTIFICATE_MAHARASHTRA
I require a domicile certificate verification in Chhatrapati Sambhajinagar,DOMICILE_CERTIFICATE_MAHARASHTRA
I need a domicile certificate reissue in Mumbai,DOMICILE_CERTIFICATE_MAHARASHTRA
Pune me domicile certificate reissue kaise banega?,DOMICILE_CERTIFICATE_MAHARASHTRA
I want to get a domicile certificate reissue in Thane,DOMICILE_CERTIFICATE_MAHARASHTRA
Mujhe Navi Mumbai mein domicile certificate reissue chahiye,DOMICILE_CERTIFICATE_MAHARASHTRA
Need guidance for domicile certificate reissue in Nagpur,DOMICILE_CERTIFICATE_MAHARASHTRA
I want to apply for domicile certificate reissue in Maharashtra,DOMICILE_CERTIFICATE_MAHARASHTRA
Where should I apply for domicile certificate reissue in Kolhapur?,DOMICILE_CERTIFICATE_MAHARASHTRA
How to get domicile certificate reissue from Maharashtra authorities?,DOMICILE_CERTIFICATE_MAHARASHTRA
domicile certificate reissue ke liye Amravati me kaha apply karu?,DOMICILE_CERTIFICATE_MAHARASHTRA
What is needed to get domicile certificate reissue in Maharashtra?,DOMICILE_CERTIFICATE_MAHARASHTRA
I need a domicile certificate reissue in Dombivli,DOMICILE_CERTIFICATE_MAHARASHTRA
Chhatrapati Sambhajinagar me domicile certificate reissue kaise banega?,DOMICILE_CERTIFICATE_MAHARASHTRA
What is the process for old domicile certificate copy in Mumbai?,DOMICILE_CERTIFICATE_MAHARASHTRA
How do I obtain old domicile certificate copy in Pune?,DOMICILE_CERTIFICATE_MAHARASHTRA
Thane mein old domicile certificate copy ke liye kya karna hai?,DOMICILE_CERTIFICATE_MAHARASHTRA
Can you explain the process for old domicile certificate copy in Navi Mumbai?,DOMICILE_CERTIFICATE_MAHARASHTRA
I need information about old domicile certificate copy in Nagpur,DOMICILE_CERTIFICATE_MAHARASHTRA
Please tell me how to apply for old domicile certificate copy in Nashik,DOMICILE_CERTIFICATE_MAHARASHTRA
I require a old domicile certificate copy in Kolhapur,DOMICILE_CERTIFICATE_MAHARASHTRA
I need help applying for old domicile certificate copy in Solapur,DOMICILE_CERTIFICATE_MAHARASHTRA
How can I apply for old domicile certificate copy in Amravati?,DOMICILE_CERTIFICATE_MAHARASHTRA
What documents are required for old domicile certificate copy in Kalyan?,DOMICILE_CERTIFICATE_MAHARASHTRA
What is the process for old domicile certificate copy in Dombivli?,DOMICILE_CERTIFICATE_MAHARASHTRA
How do I obtain old domicile certificate copy in Chhatrapati Sambhajinagar?,DOMICILE_CERTIFICATE_MAHARASHTRA
I want to apply for domicile certificate for student in Maharashtra,DOMICILE_CERTIFICATE_MAHARASHTRA
Where should I apply for domicile certificate for student in Pune?,DOMICILE_CERTIFICATE_MAHARASHTRA
How to get domicile certificate for student from Maharashtra authorities?,DOMICILE_CERTIFICATE_MAHARASHTRA
domicile certificate for student ke liye Navi Mumbai me kaha apply karu?,DOMICILE_CERTIFICATE_MAHARASHTRA
What is needed to get domicile certificate for student in Maharashtra?,DOMICILE_CERTIFICATE_MAHARASHTRA
I need a domicile certificate for student in Nashik,DOMICILE_CERTIFICATE_MAHARASHTRA
Kolhapur me domicile certificate for student kaise banega?,DOMICILE_CERTIFICATE_MAHARASHTRA
I want to get a domicile certificate for student in Solapur,DOMICILE_CERTIFICATE_MAHARASHTRA
Mujhe Amravati mein domicile certificate for student chahiye,DOMICILE_CERTIFICATE_MAHARASHTRA
Need guidance for domicile certificate for student in Kalyan,DOMICILE_CERTIFICATE_MAHARASHTRA
Where should I apply for domicile certificate for student in Chhatrapati Sambhajinagar?,DOMICILE_CERTIFICATE_MAHARASHTRA
"I need detailed information about Maharashtra domicile certificate in Mumbai, Maharashtra",DOMICILE_CERTIFICATE_MAHARASHTRA
"I need detailed information about Maharashtra domicile certificate in Pune, Maharashtra",DOMICILE_CERTIFICATE_MAHARASHTRA
"I need detailed information about Maharashtra domicile certificate in Thane, Maharashtra",DOMICILE_CERTIFICATE_MAHARASHTRA
"I need detailed information about Maharashtra domicile certificate in Navi Mumbai, Maharashtra",DOMICILE_CERTIFICATE_MAHARASHTRA
I want to renew my passport,OTHER_UNSUPPORTED
How do I apply for a PAN card?,OTHER_UNSUPPORTED
I need to update my Aadhaar,OTHER_UNSUPPORTED
How can I get a driving licence in Maharashtra?,OTHER_UNSUPPORTED
I want to pay property tax in Pune,OTHER_UNSUPPORTED
I need a caste certificate in Maharashtra,OTHER_UNSUPPORTED
How can I apply for voter ID?,OTHER_UNSUPPORTED
I want to register my marriage in Mumbai,OTHER_UNSUPPORTED
How do I get an income certificate?,OTHER_UNSUPPORTED
I lost my ration card,OTHER_UNSUPPORTED
I need a non creamy layer certificate,OTHER_UNSUPPORTED
How can I transfer vehicle ownership in Maharashtra?,OTHER_UNSUPPORTED
I want to apply for a death certificate,OTHER_UNSUPPORTED
How can I get a senior citizen certificate?,OTHER_UNSUPPORTED
I need a disability certificate,OTHER_UNSUPPORTED
How do I apply for a learner licence?,OTHER_UNSUPPORTED
I want to update my electricity connection name,OTHER_UNSUPPORTED
How can I get a property card?,OTHER_UNSUPPORTED
I need police verification for passport,OTHER_UNSUPPORTED
How do I apply for a shop act licence?,OTHER_UNSUPPORTED
I need help with passport renewal in Mumbai,OTHER_UNSUPPORTED
Pune me passport renewal ka process kya hai?,OTHER_UNSUPPORTED
What documents are required for passport renewal in Thane?,OTHER_UNSUPPORTED
Mujhe Navi Mumbai mein passport renewal ke liye apply karna hai,OTHER_UNSUPPORTED
Need guidance for passport renewal in Nagpur,OTHER_UNSUPPORTED
Please explain the process for passport renewal in Maharashtra,OTHER_UNSUPPORTED
I need help with passport renewal in Kolhapur,OTHER_UNSUPPORTED
Solapur me passport renewal ka process kya hai?,OTHER_UNSUPPORTED
What documents are required for passport renewal in Amravati?,OTHER_UNSUPPORTED
Mujhe Kalyan mein passport renewal ke liye apply karna hai,OTHER_UNSUPPORTED
Need guidance for passport renewal in Dombivli,OTHER_UNSUPPORTED
I want information about PAN card application in Mumbai,OTHER_UNSUPPORTED
How do I get PAN card application in Maharashtra?,OTHER_UNSUPPORTED
What is the procedure for PAN card application in Thane?,OTHER_UNSUPPORTED
Where can I apply for PAN card application in Navi Mumbai?,OTHER_UNSUPPORTED
PAN card application ke liye Nagpur me kya karna hoga?,OTHER_UNSUPPORTED
How can I apply for PAN card application in Nashik?,OTHER_UNSUPPORTED
I want information about PAN card application in Kolhapur,OTHER_UNSUPPORTED
What is the procedure for PAN card application in Amravati?,OTHER_UNSUPPORTED
Where can I apply for PAN card application in Kalyan?,OTHER_UNSUPPORTED
PAN card application ke liye Dombivli me kya karna hoga?,OTHER_UNSUPPORTED
How can I apply for PAN card application in Chhatrapati Sambhajinagar?,OTHER_UNSUPPORTED
Mujhe Mumbai mein Aadhaar update ke liye apply karna hai,OTHER_UNSUPPORTED
Need guidance for Aadhaar update in Pune,OTHER_UNSUPPORTED
Please explain the process for Aadhaar update in Maharashtra,OTHER_UNSUPPORTED
I need help with Aadhaar update in Navi Mumbai,OTHER_UNSUPPORTED
Nagpur me Aadhaar update ka process kya hai?,OTHER_UNSUPPORTED
What documents are required for Aadhaar update in Nashik?,OTHER_UNSUPPORTED
Mujhe Kolhapur mein Aadhaar update ke liye apply karna hai,OTHER_UNSUPPORTED
Need guidance for Aadhaar update in Solapur,OTHER_UNSUPPORTED
I need help with Aadhaar update in Kalyan,OTHER_UNSUPPORTED
Dombivli me Aadhaar update ka process kya hai?,OTHER_UNSUPPORTED
What documents are required for Aadhaar update in Chhatrapati Sambhajinagar?,OTHER_UNSUPPORTED
Where can I apply for driving licence in Mumbai?,OTHER_UNSUPPORTED
driving licence ke liye Pune me kya karna hoga?,OTHER_UNSUPPORTED
How can I apply for driving licence in Thane?,OTHER_UNSUPPORTED
I want information about driving licence in Navi Mumbai,OTHER_UNSUPPORTED
How do I get driving licence in Maharashtra?,OTHER_UNSUPPORTED
What is the procedure for driving licence in Nashik?,OTHER_UNSUPPORTED
Where can I apply for driving licence in Kolhapur?,OTHER_UNSUPPORTED
driving licence ke liye Solapur me kya karna hoga?,OTHER_UNSUPPORTED
How can I apply for driving licence in Amravati?,OTHER_UNSUPPORTED
I want information about driving licence in Kalyan,OTHER_UNSUPPORTED
What is the procedure for driving licence in Chhatrapati Sambhajinagar?,OTHER_UNSUPPORTED
I need help with learner licence in Mumbai,OTHER_UNSUPPORTED
Pune me learner licence ka process kya hai?,OTHER_UNSUPPORTED
What documents are required for learner licence in Thane?,OTHER_UNSUPPORTED
Mujhe Navi Mumbai mein learner licence ke liye apply karna hai,OTHER_UNSUPPORTED
Need guidance for learner licence in Nagpur,OTHER_UNSUPPORTED
Please explain the process for learner licence in Maharashtra,OTHER_UNSUPPORTED
I need help with learner licence in Kolhapur,OTHER_UNSUPPORTED
Solapur me learner licence ka process kya hai?,OTHER_UNSUPPORTED
What documents are required for learner licence in Amravati?,OTHER_UNSUPPORTED
Mujhe Kalyan mein learner licence ke liye apply karna hai,OTHER_UNSUPPORTED
Need guidance for learner licence in Dombivli,OTHER_UNSUPPORTED
I want information about voter ID in Mumbai,OTHER_UNSUPPORTED
How do I get voter ID in Maharashtra?,OTHER_UNSUPPORTED
What is the procedure for voter ID in Thane?,OTHER_UNSUPPORTED
Where can I apply for voter ID in Navi Mumbai?,OTHER_UNSUPPORTED
voter ID ke liye Nagpur me kya karna hoga?,OTHER_UNSUPPORTED
How can I apply for voter ID in Nashik?,OTHER_UNSUPPORTED
I want information about voter ID in Kolhapur,OTHER_UNSUPPORTED
What is the procedure for voter ID in Amravati?,OTHER_UNSUPPORTED
Where can I apply for voter ID in Kalyan?,OTHER_UNSUPPORTED
voter ID ke liye Dombivli me kya karna hoga?,OTHER_UNSUPPORTED
How can I apply for voter ID in Chhatrapati Sambhajinagar?,OTHER_UNSUPPORTED
Mujhe Mumbai mein ration card ke liye apply karna hai,OTHER_UNSUPPORTED
Need guidance for ration card in Pune,OTHER_UNSUPPORTED
Please explain the process for ration card in Maharashtra,OTHER_UNSUPPORTED
I need help with ration card in Navi Mumbai,OTHER_UNSUPPORTED
Nagpur me ration card ka process kya hai?,OTHER_UNSUPPORTED
What documents are required for ration card in Nashik?,OTHER_UNSUPPORTED
Mujhe Kolhapur mein ration card ke liye apply karna hai,OTHER_UNSUPPORTED
Need guidance for ration card in Solapur,OTHER_UNSUPPORTED
I need help with ration card in Kalyan,OTHER_UNSUPPORTED
Dombivli me ration card ka process kya hai?,OTHER_UNSUPPORTED
What documents are required for ration card in Chhatrapati Sambhajinagar?,OTHER_UNSUPPORTED
Where can I apply for income certificate in Mumbai?,OTHER_UNSUPPORTED
income certificate ke liye Pune me kya karna hoga?,OTHER_UNSUPPORTED
How can I apply for income certificate in Thane?,OTHER_UNSUPPORTED
I want information about income certificate in Navi Mumbai,OTHER_UNSUPPORTED
How do I get income certificate in Maharashtra?,OTHER_UNSUPPORTED
What is the procedure for income certificate in Nashik?,OTHER_UNSUPPORTED
Where can I apply for income certificate in Kolhapur?,OTHER_UNSUPPORTED
income certificate ke liye Solapur me kya karna hoga?,OTHER_UNSUPPORTED
How can I apply for income certificate in Amravati?,OTHER_UNSUPPORTED
I want information about income certificate in Kalyan,OTHER_UNSUPPORTED
What is the procedure for income certificate in Chhatrapati Sambhajinagar?,OTHER_UNSUPPORTED
I need help with caste certificate in Mumbai,OTHER_UNSUPPORTED
Pune me caste certificate ka process kya hai?,OTHER_UNSUPPORTED
What documents are required for caste certificate in Thane?,OTHER_UNSUPPORTED
Mujhe Navi Mumbai mein caste certificate ke liye apply karna hai,OTHER_UNSUPPORTED
Need guidance for caste certificate in Nagpur,OTHER_UNSUPPORTED
Please explain the process for caste certificate in Maharashtra,OTHER_UNSUPPORTED
I need help with caste certificate in Kolhapur,OTHER_UNSUPPORTED
Solapur me caste certificate ka process kya hai?,OTHER_UNSUPPORTED
What documents are required for caste certificate in Amravati?,OTHER_UNSUPPORTED
Mujhe Kalyan mein caste certificate ke liye apply karna hai,OTHER_UNSUPPORTED
Need guidance for caste certificate in Dombivli,OTHER_UNSUPPORTED
I want information about non creamy layer certificate in Mumbai,OTHER_UNSUPPORTED
How do I get non creamy layer certificate in Maharashtra?,OTHER_UNSUPPORTED
What is the procedure for non creamy layer certificate in Thane?,OTHER_UNSUPPORTED
Where can I apply for non creamy layer certificate in Navi Mumbai?,OTHER_UNSUPPORTED
non creamy layer certificate ke liye Nagpur me kya karna hoga?,OTHER_UNSUPPORTED
How can I apply for non creamy layer certificate in Nashik?,OTHER_UNSUPPORTED
I want information about non creamy layer certificate in Kolhapur,OTHER_UNSUPPORTED
What is the procedure for non creamy layer certificate in Amravati?,OTHER_UNSUPPORTED
Where can I apply for non creamy layer certificate in Kalyan?,OTHER_UNSUPPORTED
non creamy layer certificate ke liye Dombivli me kya karna hoga?,OTHER_UNSUPPORTED
How can I apply for non creamy layer certificate in Chhatrapati Sambhajinagar?,OTHER_UNSUPPORTED
Mujhe Mumbai mein marriage registration ke liye apply karna hai,OTHER_UNSUPPORTED
Need guidance for marriage registration in Pune,OTHER_UNSUPPORTED
Please explain the process for marriage registration in Maharashtra,OTHER_UNSUPPORTED
I need help with marriage registration in Navi Mumbai,OTHER_UNSUPPORTED
Nagpur me marriage registration ka process kya hai?,OTHER_UNSUPPORTED
What documents are required for marriage registration in Nashik?,OTHER_UNSUPPORTED
Mujhe Kolhapur mein marriage registration ke liye apply karna hai,OTHER_UNSUPPORTED
Need guidance for marriage registration in Solapur,OTHER_UNSUPPORTED
I need help with marriage registration in Kalyan,OTHER_UNSUPPORTED
Dombivli me marriage registration ka process kya hai?,OTHER_UNSUPPORTED
What documents are required for marriage registration in Chhatrapati Sambhajinagar?,OTHER_UNSUPPORTED
Where can I apply for death certificate in Mumbai?,OTHER_UNSUPPORTED
death certificate ke liye Pune me kya karna hoga?,OTHER_UNSUPPORTED
How can I apply for death certificate in Thane?,OTHER_UNSUPPORTED
I want information about death certificate in Navi Mumbai,OTHER_UNSUPPORTED
How do I get death certificate in Maharashtra?,OTHER_UNSUPPORTED
What is the procedure for death certificate in Nashik?,OTHER_UNSUPPORTED
Where can I apply for death certificate in Kolhapur?,OTHER_UNSUPPORTED
death certificate ke liye Solapur me kya karna hoga?,OTHER_UNSUPPORTED
How can I apply for death certificate in Amravati?,OTHER_UNSUPPORTED
I want information about death certificate in Kalyan,OTHER_UNSUPPORTED
What is the procedure for death certificate in Chhatrapati Sambhajinagar?,OTHER_UNSUPPORTED
I need help with senior citizen certificate in Mumbai,OTHER_UNSUPPORTED
Pune me senior citizen certificate ka process kya hai?,OTHER_UNSUPPORTED
What documents are required for senior citizen certificate in Thane?,OTHER_UNSUPPORTED
Mujhe Navi Mumbai mein senior citizen certificate ke liye apply karna hai,OTHER_UNSUPPORTED
Need guidance for senior citizen certificate in Nagpur,OTHER_UNSUPPORTED
Please explain the process for senior citizen certificate in Maharashtra,OTHER_UNSUPPORTED
I need help with senior citizen certificate in Kolhapur,OTHER_UNSUPPORTED
Solapur me senior citizen certificate ka process kya hai?,OTHER_UNSUPPORTED
What documents are required for senior citizen certificate in Amravati?,OTHER_UNSUPPORTED
Mujhe Kalyan mein senior citizen certificate ke liye apply karna hai,OTHER_UNSUPPORTED
Need guidance for senior citizen certificate in Dombivli,OTHER_UNSUPPORTED
I want information about disability certificate in Mumbai,OTHER_UNSUPPORTED
How do I get disability certificate in Maharashtra?,OTHER_UNSUPPORTED
What is the procedure for disability certificate in Thane?,OTHER_UNSUPPORTED
Where can I apply for disability certificate in Navi Mumbai?,OTHER_UNSUPPORTED
disability certificate ke liye Nagpur me kya karna hoga?,OTHER_UNSUPPORTED
How can I apply for disability certificate in Nashik?,OTHER_UNSUPPORTED
I want information about disability certificate in Kolhapur,OTHER_UNSUPPORTED
What is the procedure for disability certificate in Amravati?,OTHER_UNSUPPORTED
Where can I apply for disability certificate in Kalyan?,OTHER_UNSUPPORTED
disability certificate ke liye Dombivli me kya karna hoga?,OTHER_UNSUPPORTED
How can I apply for disability certificate in Chhatrapati Sambhajinagar?,OTHER_UNSUPPORTED
Mujhe Mumbai mein vehicle ownership transfer ke liye apply karna hai,OTHER_UNSUPPORTED
Need guidance for vehicle ownership transfer in Pune,OTHER_UNSUPPORTED
Please explain the process for vehicle ownership transfer in Maharashtra,OTHER_UNSUPPORTED
I need help with vehicle ownership transfer in Navi Mumbai,OTHER_UNSUPPORTED
Nagpur me vehicle ownership transfer ka process kya hai?,OTHER_UNSUPPORTED
What documents are required for vehicle ownership transfer in Nashik?,OTHER_UNSUPPORTED
Mujhe Kolhapur mein vehicle ownership transfer ke liye apply karna hai,OTHER_UNSUPPORTED
Need guidance for vehicle ownership transfer in Solapur,OTHER_UNSUPPORTED
I need help with vehicle ownership transfer in Kalyan,OTHER_UNSUPPORTED
Dombivli me vehicle ownership transfer ka process kya hai?,OTHER_UNSUPPORTED
What documents are required for vehicle ownership transfer in Chhatrapati Sambhajinagar?,OTHER_UNSUPPORTED
"I need detailed information about passport renewal in Mumbai, Maharashtra",OTHER_UNSUPPORTED
"I need detailed information about passport renewal in Pune, Maharashtra",OTHER_UNSUPPORTED
"I need detailed information about passport renewal in Thane, Maharashtra",OTHER_UNSUPPORTED
"I need detailed information about passport renewal in Navi Mumbai, Maharashtra",OTHER_UNSUPPORTED
"I need detailed information about passport renewal in Nagpur, Maharashtra",OTHER_UNSUPPORTED
"I need detailed information about passport renewal in Nashik, Maharashtra",OTHER_UNSUPPORTED
"I need detailed information about passport renewal in Kolhapur, Maharashtra",OTHER_UNSUPPORTED
"I need detailed information about passport renewal in Solapur, Maharashtra",OTHER_UNSUPPORTED
"I need detailed information about passport renewal in Amravati, Maharashtra",OTHER_UNSUPPORTED
"I need detailed information about passport renewal in Kalyan, Maharashtra",OTHER_UNSUPPORTED
"I need detailed information about passport renewal in Dombivli, Maharashtra",OTHER_UNSUPPORTED
"I need detailed information about passport renewal in Chhatrapati Sambhajinagar, Maharashtra",OTHER_UNSUPPORTED
"I need detailed information about PAN card application in Mumbai, Maharashtra",OTHER_UNSUPPORTED
"I need detailed information about PAN card application in Pune, Maharashtra",OTHER_UNSUPPORTED
"I need detailed information about PAN card application in Thane, Maharashtra",OTHER_UNSUPPORTED
mera baccha mumbai me born hua hai certificate chahiye,BIRTH_CERTIFICATE
baby pune me born hua tha uska certificate banana hai,BIRTH_CERTIFICATE
newborn ka certificate chahiye,BIRTH_CERTIFICATE
child ka certificate kaise banega,BIRTH_CERTIFICATE
mera baby thane me born hua hai registration karna hai,BIRTH_CERTIFICATE
bacche ka janam certificate chahiye,BIRTH_CERTIFICATE
janam ka certificate banana hai,BIRTH_CERTIFICATE
mera child nagpur me born hua tha proof chahiye,BIRTH_CERTIFICATE
new baby ka registration karna hai,BIRTH_CERTIFICATE
baby born hua hai municipal certificate chahiye,BIRTH_CERTIFICATE
mera baccha nashik me paida hua tha certificate chahiye,BIRTH_CERTIFICATE
child birth record chahiye,BIRTH_CERTIFICATE
newborn registration ka process batao,BIRTH_CERTIFICATE
baby ka municipal certificate banana hai,BIRTH_CERTIFICATE
mera baccha pune me born hua tha official certificate chahiye,BIRTH_CERTIFICATE
janam record kaise nikale,BIRTH_CERTIFICATE
child born in mumbai need certificate,BIRTH_CERTIFICATE
newborn baby certificate apply karna hai,BIRTH_CERTIFICATE
bacche ka birth record register karna hai,BIRTH_CERTIFICATE
baby born hua hai certificate kaha se milega,BIRTH_CERTIFICATE
scholarship ke liye domicile chahiye,DOMICILE_CERTIFICATE_MAHARASHTRA
college ke liye maharashtra domicile banana hai,DOMICILE_CERTIFICATE_MAHARASHTRA
admission ke liye domicile certificate chahiye,DOMICILE_CERTIFICATE_MAHARASHTRA
student ke liye domicile kaise banega,DOMICILE_CERTIFICATE_MAHARASHTRA
maharashtra residence proof chahiye admission ke liye,DOMICILE_CERTIFICATE_MAHARASHTRA
domicile banana hai scholarship form ke liye,DOMICILE_CERTIFICATE_MAHARASHTRA
pune college admission ke liye domicile chahiye,DOMICILE_CERTIFICATE_MAHARASHTRA
mumbai me domicile certificate banana hai,DOMICILE_CERTIFICATE_MAHARASHTRA
maharashtra ka domicile chahiye student ko,DOMICILE_CERTIFICATE_MAHARASHTRA
government scholarship ke liye domicile required hai,DOMICILE_CERTIFICATE_MAHARASHTRA
domicile certificate kaha se banega maharashtra me,DOMICILE_CERTIFICATE_MAHARASHTRA
residence certificate chahiye college admission ke liye,DOMICILE_CERTIFICATE_MAHARASHTRA
state domicile proof banana hai,DOMICILE_CERTIFICATE_MAHARASHTRA
student admission domicile process batao,DOMICILE_CERTIFICATE_MAHARASHTRA
maharashtra resident certificate chahiye,DOMICILE_CERTIFICATE_MAHARASHTRA
domicile certificate scholarship application ke liye,DOMICILE_CERTIFICATE_MAHARASHTRA
college form bharne ke liye domicile chahiye,DOMICILE_CERTIFICATE_MAHARASHTRA
education purpose ke liye maharashtra domicile banana hai,DOMICILE_CERTIFICATE_MAHARASHTRA
maharashtra domicile apply karna hai,DOMICILE_CERTIFICATE_MAHARASHTRA
scholarship ke liye residence certificate chahiye,DOMICILE_CERTIFICATE_MAHARASHTRA
